OPC,Sand,wtob,FA,GS,SF,SP,HPMC,W,Fvol,Df,Lf,CS (MPa)
309,345,0.240449438,1026,0,0,3,2,321,0.02,39,8,21
309,345,0.240449438,1026,0,0,3,2,321,0.02,39,8,24
1112.3,1902,0.265748774,322.6,0,155.7,20,0,422.7,0.007,15,18,26.54
309,345,0.240449438,1026,0,0,3,2,321,0.02,39,8,27
309,345,0.240449438,1026,0,0,3,2,321,0.02,39,8,27.2
450,1085,0.35,0,450,0,3.78,0.91,315,0.006,35,6,27.3
450,1085,0.35,0,450,0,3.78,0.91,315,0,35,0,28.1
450,1085,0.35,0,450,0,3.78,0.91,315,0.003,35,3,28.6
309,345,0.240449438,1026,0,0,3,2,321,0.02,39,8,29
309,345,0.240449438,1026,0,0,3,2,321,0.02,39,8,29.3
655,246,0.263616558,604,0,118,3.5,0,363,0.01,25,12,29.5314153
450,1085,0.35,0,450,0,3.78,0.91,315,0.001,35,3,30
655,246,0.263616558,604,0,118,3.5,0,363,0.015,25,12,30.48142783
309,345,0.240449438,1026,0,0,3,2,321,0.02,39,8,32
1112.3,1902,0.265748774,322.6,0,155.7,20,0,422.7,0.007,15,18,32.14
309,345,0.240449438,1026,0,0,3,2,321,0.02,39,8,32.5
450,1085,0.35,0,450,0,3.78,0.91,315,0.006,35,6,33.2
655,246,0.263616558,604,0,118,3.5,0,363,0.02,25,12,34
1112.3,1902,0.265748774,322.6,0,155.7,20,0,422.7,0.007,15,18,34.23
450,1085,0.35,0,450,0,3.78,0.91,315,0.003,35,3,34.3
655,246,0.263616558,604,0,118,3.5,0,363,0.02,25,12,34.5
655,246,0.263616558,604,0,118,3.5,0,363,0.015,25,12,35.17061679
450,1085,0.35,0,450,0,3.78,0.91,315,0,35,0,35.2
655,246,0.263616558,604,0,118,3.5,0,363,0.02,25,12,35.3
450,1085,0.35,0,450,0,3.78,0.91,315,0.001,35,6,35.6
655,246,0.263616558,604,0,118,3.5,0,363,0.01,25,12,35.63842703
655,246,0.263616558,604,0,118,3.5,0,363,0.01,25,12,35.77546606
1112.3,1902,0.265748774,322.6,0,155.7,20,0,422.7,0.007,15,18,35.84
655,246,0.263616558,604,0,118,3.5,0,363,0.015,25,12,36.46536189
655,246,0.263616558,604,0,118,3.5,0,363,0.01,25,12,36.58998415
450,1085,0.35,0,450,0,3.78,0.91,315,0.001,35,6,38.2
655,246,0.263616558,604,0,118,3.5,0,363,0.02,25,12,38.2038235
450,1085,0.35,0,450,0,3.78,0.91,315,0.003,35,3,38.5
655,246,0.263616558,604,0,118,3.5,0,363,0.02,25,12,38.77387895
655,246,0.263616558,604,0,118,3.5,0,363,0.015,25,12,39.03539687
655,246,0.263616558,604,0,118,3.5,0,363,0.015,25,12,39.67171938
655,246,0.263616558,604,0,118,3.5,0,363,0.01,25,12,39.828551
655,246,0.263616558,604,0,118,3.5,0,363,0.01,25,12,39.9638976
1112.3,1902,0.265748774,322.6,0,155.7,20,0,422.7,0.007,15,18,40.12
655,246,0.263616558,604,0,118,3.5,0,363,0.01,25,12,41.08497298
450,1085,0.35,0,450,0,3.78,0.91,315,0,35,0,41.2
655,246,0.263616558,604,0,118,3.5,0,363,0.01,25,12,42.24916214
655,246,0.263616558,604,0,118,3.5,0,363,0.01,25,12,42.69773496
655,246,0.263616558,604,0,118,3.5,0,363,0.015,25,12,43.32109799
655,246,0.263616558,604,0,118,3.5,0,363,0.02,25,12,43.33562428
655,246,0.263616558,604,0,118,3.5,0,363,0.015,25,12,44.19032357
655,246,0.263616558,604,0,118,3.5,0,363,0.02,25,12,44.2
655,246,0.263616558,604,0,118,3.5,0,363,0.015,25,12,44.33581219
655,246,0.263616558,604,0,118,3.5,0,363,0.015,25,12,45.13340406
1112.3,1902,0.265748774,322.6,0,155.7,20,0,422.7,0.007,15,18,45.98
655,246,0.263616558,604,0,118,3.5,0,363,0.015,25,12,47.62402668
655,246,0.263616558,604,0,118,3.5,0,363,0.02,25,12,47.84550733
655,246,0.263616558,604,0,118,3.5,0,363,0.01,25,12,48.11534831
655,246,0.263616558,604,0,118,3.5,0,363,0.02,25,12,48.44283161
655,246,0.263616558,604,0,118,3.5,0,363,0.015,25,12,49.8069535
655,246,0.263616558,604,0,118,3.5,0,363,0.02,25,12,49.85145549
655,246,0.263616558,604,0,118,3.5,0,363,0.01,25,12,50.47528754
655,246,0.263616558,604,0,118,3.5,0,363,0.01,25,12,53.51860152
655,246,0.263616558,604,0,118,3.5,0,363,0.02,25,12,53.6422965
655,246,0.263616558,604,0,118,3.5,0,363,0.01,25,12,56.21109123
655,246,0.263616558,604,0,118,3.5,0,363,0.01,25,12,61.37422088
483,1074,0.169617894,0,322,268,10.7,0,182,0.0025,20,3,68
483,1074,0.169617894,0,322,268,0,0,182,0.005,39,6,69.2
483,1074,0.169617894,0,322,268,10.7,0,182,0.0025,20,3,70
483,1074,0.169617894,0,322,268,0,0,182,0.005,39,6,73.2
483,1074,0.169617894,0,322,268,0,0,182,0.005,39,6,74.6
483,1074,0.169617894,0,322,268,10.7,0,182,0.0025,20,3,75
483,1074,0.169617894,0,322,268,0,0,182,0.0025,39,6,75.1
483,1074,0.169617894,0,322,268,0,0,182,0.0025,39,6,75.6
483,1074,0.169617894,0,322,268,0,0,182,0.005,39,6,76.4
483,1074,0.169617894,0,322,268,10.7,0,182,0.01,20,3,78
483,1074,0.169617894,0,322,268,0,0,182,0.005,39,6,78.2
483,1074,0.169617894,0,322,268,0,0,182,0.01,39,6,79.2
483,1074,0.169617894,0,322,268,0,0,182,0.0025,39,6,80
483,1074,0.169617894,0,322,268,0,0,182,0.0075,39,6,80.1
483,1074,0.169617894,0,322,268,0,0,182,0.01,39,6,80.1
483,1074,0.169617894,0,322,268,10.7,0,182,0.01,20,6,81.1
483,1074,0.169617894,0,322,268,10.7,0,182,0.01,20,6,82
483,1074,0.169617894,0,322,268,10.7,0,182,0.0075,20,3,82
483,1074,0.169617894,0,322,268,10.7,0,182,0.01,20,6,82.7
483,1074,0.169617894,0,322,268,10.7,0,182,0.005,20,3,83
483,1074,0.169617894,0,322,268,10.7,0,182,0.01,20,3,83
483,1074,0.169617894,0,322,268,10.7,0,182,0.0075,20,3,83
483,1074,0.169617894,0,322,268,10.7,0,182,0.005,20,3,83
483,1074,0.169617894,0,322,268,10.7,0,182,0.0025,20,6,83.8
483,1074,0.169617894,0,322,268,10.7,0,182,0.0025,20,6,85
483,1074,0.169617894,0,322,268,10.7,0,182,0,20,6,85
483,1074,0.169617894,0,322,268,10.7,0,182,0.0075,20,3,85
483,1074,0.169617894,0,322,268,10.7,0,182,0.01,20,3,85
483,1074,0.169617894,0,322,268,10.7,0,182,0.01,20,3,85
483,1074,0.169617894,0,322,268,10.7,0,182,0.005,20,3,85.5
483,1074,0.169617894,0,322,268,0,0,182,0.005,39,6,86
483,1074,0.169617894,0,322,268,10.7,0,182,0.0025,20,6,86.5
483,1074,0.169617894,0,322,268,10.7,0,182,0.01,20,3,87
483,1074,0.169617894,0,322,268,10.7,0,182,0,20,3,87
483,1074,0.169617894,0,322,268,0,0,182,0,39,6,88
483,1074,0.169617894,0,322,268,10.7,0,182,0,20,6,88
483,1074,0.169617894,0,322,268,10.7,0,182,0,20,3,88
483,1074,0.169617894,0,322,268,0,0,182,0,39,6,88
483,1074,0.169617894,0,322,268,10.7,0,182,0.005,20,6,88
483,1074,0.169617894,0,322,268,0,0,182,0.01,39,6,88.3
483,1074,0.169617894,0,322,268,10.7,0,182,0.005,20,6,88.5
483,1074,0.169617894,0,322,268,10.7,0,182,0.01,20,6,89
483,1074,0.169617894,0,322,268,10.7,0,182,0,20,6,89
483,1074,0.169617894,0,322,268,0,0,182,0.0025,39,6,89.3
483,1074,0.169617894,0,322,268,0,0,182,0.01,39,6,89.5
483,1074,0.169617894,0,322,268,10.7,0,182,0,20,3,90
483,1074,0.169617894,0,322,268,10.7,0,182,0,20,6,90
483,1074,0.169617894,0,322,268,0,0,182,0,39,6,90.1
483,1074,0.169617894,0,322,268,0,0,182,0.0075,39,6,90.3
483,1074,0.169617894,0,322,268,0,0,182,0,39,6,90.4
483,1074,0.169617894,0,322,268,10.7,0,182,0.01,20,6,90.5
483,1074,0.169617894,0,322,268,10.7,0,182,0,20,3,91
483,1074,0.169617894,0,322,268,10.7,0,182,0,20,6,91
483,1074,0.169617894,0,322,268,10.7,0,182,0,20,6,91
483,1074,0.169617894,0,322,268,0,0,182,0.01,39,6,91.2
483,1074,0.169617894,0,322,268,10.7,0,182,0.005,20,3,92
483,1074,0.169617894,0,322,268,0,0,182,0.0025,39,6,92
483,1074,0.169617894,0,322,268,10.7,0,182,0.005,20,6,92
483,1074,0.169617894,0,322,268,0,0,182,0.01,39,6,92.3
483,1074,0.169617894,0,322,268,10.7,0,182,0,20,3,93
483,1074,0.169617894,0,322,268,10.7,0,182,0.005,20,6,93
483,1074,0.169617894,0,322,268,10.7,0,182,0.0075,20,6,94
483,1074,0.169617894,0,322,268,10.7,0,182,0,20,6,94
483,1074,0.169617894,0,322,268,0,0,182,0.0075,39,6,94.3
483,1074,0.169617894,0,322,268,10.7,0,182,0.0075,20,3,95
483,1074,0.169617894,0,322,268,10.7,0,182,0.0075,20,6,95
483,1074,0.169617894,0,322,268,10.7,0,182,0,20,3,95
483,1074,0.169617894,0,322,268,10.7,0,182,0.0075,20,3,95
483,1074,0.169617894,0,322,268,10.7,0,182,0,20,3,95
483,1074,0.169617894,0,322,268,10.7,0,182,0.0025,20,6,96
483,1074,0.169617894,0,322,268,10.7,0,182,0,20,6,96
483,1074,0.169617894,0,322,268,0,0,182,0,39,6,96.2
483,1074,0.169617894,0,322,268,10.7,0,182,0,20,3,97
483,1074,0.169617894,0,322,268,0,0,182,0,39,6,97.4
483,1074,0.169617894,0,322,268,10.7,0,182,0.0025,20,6,98
483,1074,0.169617894,0,322,268,10.7,0,182,0.0075,20,3,98
483,1074,0.169617894,0,322,268,10.7,0,182,0.01,20,6,98.8
483,1074,0.169617894,0,322,268,10.7,0,182,0.0075,20,3,99
483,1074,0.169617894,0,322,268,10.7,0,182,0.0075,20,3,99
483,1074,0.169617894,0,322,268,10.7,0,182,0.01,20,3,100
483,1074,0.169617894,0,322,268,10.7,0,182,0.01,20,6,100
483,1074,0.169617894,0,322,268,10.7,0,182,0.0075,20,3,100
483,1074,0.169617894,0,322,268,10.7,0,182,0.01,20,6,100.8
483,1074,0.169617894,0,322,268,10.7,0,182,0.0075,20,6,101.8
483,1074,0.169617894,0,322,268,10.7,0,182,0.0025,20,3,102
483,1074,0.169617894,0,322,268,10.7,0,182,0.0075,20,6,102
483,1074,0.169617894,0,322,268,10.7,0,182,0.005,20,3,103
483,1074,0.169617894,0,322,268,10.7,0,182,0.0075,20,6,103.2
483,1074,0.169617894,0,322,268,10.7,0,182,0.0025,20,6,104.3
483,1074,0.169617894,0,322,268,10.7,0,182,0.0025,20,6,105
881.6,881.6,0.159996824,0,0,377.8,12.6,3.8,201.5,0,200,6,105.4
483,1074,0.169617894,0,322,268,10.7,0,182,0.005,20,6,105.5
483,1074,0.169617894,0,322,268,10.7,0,182,0.0025,20,6,106
483,1074,0.169617894,0,322,268,10.7,0,182,0.005,20,6,107
483,1074,0.169617894,0,322,268,10.7,0,182,0.0075,20,6,108
483,1074,0.169617894,0,322,268,10.7,0,182,0.005,20,6,108.5
483,1074,0.169617894,0,322,268,10.7,0,182,0.0025,20,3,110
881.6,881.6,0.159996824,0,0,377.8,12.6,3.8,201.5,0,200,6,110.1
483,1074,0.169617894,0,322,268,10.7,0,182,0.0025,20,3,113
881.6,881.6,0.159996824,0,0,377.8,12.6,3.8,201.5,0,200,6,113.5
483,1074,0.169617894,0,322,268,10.7,0,182,0.0025,20,3,114
483,1074,0.169617894,0,322,268,10.7,0,182,0.0025,20,3,116
881.6,881.6,0.159996824,0,0,377.8,12.6,3.8,201.5,0,200,6,120.3
881.6,881.6,0.159996824,0,0,377.8,12.6,3.8,201.5,0.01,200,6,123.5
881.6,881.6,0.159996824,0,0,377.8,12.6,3.8,201.5,0.01,200,6,126.1
881.6,881.6,0.159996824,0,0,377.8,12.6,3.8,201.5,0,200,6,126.3
881.6,881.6,0.159996824,0,0,377.8,12.6,3.8,201.5,0.02,200,6,126.8
881.6,881.6,0.159996824,0,0,377.8,12.6,3.8,201.5,0.01,200,6,129.2
881.6,881.6,0.159996824,0,0,377.8,12.6,3.8,201.5,0.01,200,6,129.6
881.6,881.6,0.159996824,0,0,377.8,12.6,3.8,201.5,0,200,6,131.2
881.6,881.6,0.159996824,0,0,377.8,12.6,3.8,201.5,0.01,200,6,132.1
881.6,881.6,0.159996824,0,0,377.8,12.6,3.8,201.5,0.02,200,6,138.5
881.6,881.6,0.159996824,0,0,377.8,12.6,3.8,201.5,0.01,200,6,140.3
881.6,881.6,0.159996824,0,0,377.8,12.6,3.8,201.5,0.02,200,6,140.7
881.6,881.6,0.159996824,0,0,377.8,12.6,3.8,201.5,0.01,200,6,145.6
881.6,881.6,0.159996824,0,0,377.8,12.6,3.8,201.5,0.01,200,6,150.6
881.6,881.6,0.159996824,0,0,377.8,12.6,3.8,201.5,0.02,200,6,151.1
881.6,881.6,0.159996824,0,0,377.8,12.6,3.8,201.5,0.02,200,6,152.5
881.6,881.6,0.159996824,0,0,377.8,12.6,3.8,201.5,0.02,200,6,153.4
309,345,0.240449438,1026,0,0,3,2,321,0.02,39,8,19.5
309,345,0.240449438,1026,0,0,3,2,321,0.02,39,8,20.4
309,345,0.240449438,1026,0,0,3,2,321,0.02,39,8,21.2
309,345,0.240449438,1026,0,0,3,2,321,0.02,39,8,26.3
655,246,0.263616558,604,0,118,3.5,0,363,0.015,25,12,30.59873987
1112.3,1902,0.265748774,322.6,0,155.7,20,0,422.7,0.007,15,18,34.62
450,1085,0.35,0,450,0,3.78,0.91,315,0.001,35,3,36.1
1112.3,1902,0.265748774,322.6,0,155.7,20,0,422.7,0.007,15,18,36.45
655,246,0.263616558,604,0,118,3.5,0,363,0.01,25,12,36.49765394
1112.3,1902,0.265748774,322.6,0,155.7,20,0,422.7,0.007,15,18,37.54
450,1085,0.35,0,450,0,3.78,0.91,315,0.001,35,6,38.2
450,1085,0.35,0,450,0,3.78,0.91,315,0.001,35,3,40.2
450,1085,0.35,0,450,0,3.78,0.91,315,0.001,35,6,41.6
655,246,0.263616558,604,0,118,3.5,0,363,0.015,25,12,42.20552788
655,246,0.263616558,604,0,118,3.5,0,363,0.015,25,12,44.76146547
655,246,0.263616558,604,0,118,3.5,0,363,0.015,25,12,48.99541385
655,246,0.263616558,604,0,118,3.5,0,363,0.01,25,12,60.87001987
483,1074,0.169617894,0,322,268,0,0,182,0.0025,39,6,63.1
483,1074,0.169617894,0,322,268,0,0,182,0.0075,39,6,69
483,1074,0.169617894,0,322,268,0,0,182,0.0075,39,6,75.5
483,1074,0.169617894,0,322,268,10.7,0,182,0.01,20,3,76
483,1074,0.169617894,0,322,268,10.7,0,182,0.005,20,3,78
483,1074,0.169617894,0,322,268,10.7,0,182,0.005,20,3,84
483,1074,0.169617894,0,322,268,0,0,182,0.0075,39,6,84.6
483,1074,0.169617894,0,322,268,10.7,0,182,0.005,20,6,87.5
483,1074,0.169617894,0,322,268,10.7,0,182,0,20,3,88
483,1074,0.169617894,0,322,268,10.7,0,182,0.005,20,6,91.2
483,1074,0.169617894,0,322,268,10.7,0,182,0,20,3,92
483,1074,0.169617894,0,322,268,10.7,0,182,0,20,6,94
483,1074,0.169617894,0,322,268,10.7,0,182,0,20,3,95
483,1074,0.169617894,0,322,268,10.7,0,182,0.0075,20,6,96.3
483,1074,0.169617894,0,322,268,10.7,0,182,0.0025,20,3,98
483,1074,0.169617894,0,322,268,10.7,0,182,0.0025,20,3,102
483,1074,0.169617894,0,322,268,10.7,0,182,0.01,20,3,104
483,1074,0.169617894,0,322,268,10.7,0,182,0.005,20,3,105
483,1074,0.169617894,0,322,268,10.7,0,182,0.0075,20,6,107.1
483,1074,0.169617894,0,322,268,10.7,0,182,0.005,20,3,108
483,1074,0.169617894,0,322,268,10.7,0,182,0.0075,20,6,109.2
881.6,881.6,0.159996824,0,0,377.8,12.6,3.8,201.5,0,200,6,114.6
881.6,881.6,0.159996824,0,0,377.8,12.6,3.8,201.5,0,200,6,118.6
881.6,881.6,0.159996824,0,0,377.8,12.6,3.8,201.5,0,200,6,120.5
881.6,881.6,0.159996824,0,0,377.8,12.6,3.8,201.5,0.02,200,6,133.7
881.6,881.6,0.159996824,0,0,377.8,12.6,3.8,201.5,0.01,200,6,136.2
881.6,881.6,0.159996824,0,0,377.8,12.6,3.8,201.5,0.02,200,6,136.9
881.6,881.6,0.159996824,0,0,377.8,12.6,3.8,201.5,0.02,200,6,141.9
